,0
0,Arizona
1,Arkansas
2,Colorado
3,Connecticut
4,Delaware
5,Florida
6,Georgia
7,Idaho
8,Illinois
9,Indiana
10,Iowa
11,Kansas
12,Kentucky
13,Louisiana
14,Maine
15,Maryland
16,Massachusetts
17,Michigan
18,Minnesota
19,Mississippi
20,Missouri
21,Montana
22,Nebraska
23,Nevada
24,New Hampshire
25,New Jersey
26,North Carolina
27,North Dakota
28,Ohio
29,Oklahoma
30,Oregon
31,Pennsylvania
32,Rhode Island
33,South Carolina
34,South Dakota
35,Tennessee
36,Texas
37,Utah
38,Vermont
39,Virginia
40,Washington
41,West Virginia
42,Wisconsin
43,Wyoming
44,Arizona
45,Arkansas
46,Colorado
47,Connecticut
48,Delaware
49,Florida
50,Georgia
51,Idaho
52,Illinois
53,Indiana
54,Iowa
55,Kansas
56,Kentucky
57,Louisiana
58,Maine
59,Maryland
60,Massachusetts
61,Michigan
62,Minnesota
63,Mississippi
64,Missouri
65,Montana
66,Nebraska
67,Nevada
68,New Hampshire
69,New Jersey
70,North Carolina
71,North Dakota
72,Ohio
73,Oklahoma
74,Oregon
75,Pennsylvania
76,Rhode Island
77,South Carolina
78,South Dakota
79,Tennessee
80,Texas
81,Utah
82,Vermont
83,Virginia
84,Washington
85,West Virginia
86,Wisconsin
87,Wyoming
88,Arizona
89,Arkansas
90,Colorado
91,Connecticut
92,Delaware
93,Florida
94,Georgia
95,Idaho
96,Illinois
97,Indiana
98,Iowa
99,Kansas
100,Kentucky
101,Louisiana
102,Maine
103,Maryland
104,Massachusetts
105,Michigan
106,Minnesota
107,Mississippi
108,Missouri
109,Montana
110,Nebraska
111,Nevada
112,New Hampshire
113,New Jersey
114,North Carolina
115,North Dakota
116,Ohio
117,Oklahoma
118,Oregon
119,Pennsylvania
120,Rhode Island
121,South Carolina
122,South Dakota
123,Tennessee
124,Texas
125,Utah
126,Vermont
127,Virginia
128,Washington
129,West Virginia
130,Wisconsin
131,Wyoming
132,Arizona
133,Arkansas
134,Colorado
135,Connecticut
136,Delaware
137,Florida
138,Georgia
139,Idaho
140,Illinois
141,Indiana
142,Iowa
143,Kansas
144,Kentucky
145,Louisiana
146,Maine
147,Maryland
148,Massachusetts
149,Michigan
150,Minnesota
151,Mississippi
152,Missouri
153,Montana
154,Nebraska
155,Nevada
156,New Hampshire
157,New Jersey
158,North Carolina
159,North Dakota
160,Ohio
161,Oklahoma
162,Oregon
163,Pennsylvania
164,Rhode Island
165,South Carolina
166,South Dakota
167,Tennessee
168,Texas
169,Utah
170,Vermont
171,Virginia
172,Washington
173,West Virginia
174,Wisconsin
175,Wyoming
176,Arizona
177,Arkansas
178,Colorado
179,Connecticut
180,Delaware
181,Florida
182,Georgia
183,Idaho
184,Illinois
185,Indiana
186,Iowa
187,Kansas
188,Kentucky
189,Louisiana
190,Maine
191,Maryland
192,Massachusetts
193,Michigan
194,Minnesota
195,Mississippi
196,Missouri
197,Montana
198,Nebraska
199,Nevada
200,New Hampshire
201,New Jersey
202,North Carolina
203,North Dakota
204,Ohio
205,Oklahoma
206,Oregon
207,Pennsylvania
208,Rhode Island
209,South Carolina
210,South Dakota
211,Tennessee
212,Texas
213,Utah
214,Vermont
215,Virginia
216,Washington
217,West Virginia
218,Wisconsin
219,Wyoming
220,Arizona
221,Arkansas
222,Colorado
223,Connecticut
224,Delaware
225,Florida
226,Georgia
227,Idaho
228,Illinois
229,Indiana
230,Iowa
231,Kansas
232,Kentucky
233,Louisiana
234,Maine
235,Maryland
236,Massachusetts
237,Michigan
238,Minnesota
239,Mississippi
240,Missouri
241,Montana
242,Nebraska
243,Nevada
244,New Hampshire
245,New Jersey
246,North Carolina
247,North Dakota
248,Ohio
249,Oklahoma
250,Oregon
251,Pennsylvania
252,Rhode Island
253,South Carolina
254,South Dakota
255,Tennessee
256,Texas
257,Utah
258,Vermont
259,Virginia
260,Washington
261,West Virginia
262,Wisconsin
263,Wyoming
264,Arizona
265,Arkansas
266,Colorado
267,Connecticut
268,Delaware
269,Florida
270,Georgia
271,Idaho
272,Illinois
273,Indiana
274,Iowa
275,Kansas
276,Kentucky
277,Louisiana
278,Maine
279,Maryland
280,Massachusetts
281,Michigan
282,Minnesota
283,Mississippi
284,Missouri
285,Montana
286,Nebraska
287,Nevada
288,New Hampshire
289,New Jersey
290,North Carolina
291,North Dakota
292,Ohio
293,Oklahoma
294,Oregon
295,Pennsylvania
296,Rhode Island
297,South Carolina
298,South Dakota
299,Tennessee
300,Texas
301,Utah
302,Vermont
303,Virginia
304,Washington
305,West Virginia
306,Wisconsin
307,Wyoming
308,Arizona
309,Arkansas
310,Colorado
311,Connecticut
312,Delaware
313,Florida
314,Georgia
315,Idaho
316,Illinois
317,Indiana
318,Iowa
319,Kansas
320,Kentucky
321,Louisiana
322,Maine
323,Maryland
324,Massachusetts
325,Michigan
326,Minnesota
327,Mississippi
328,Missouri
329,Montana
330,Nebraska
331,Nevada
332,New Hampshire
333,New Jersey
334,North Carolina
335,North Dakota
336,Ohio
337,Oklahoma
338,Oregon
339,Pennsylvania
340,Rhode Island
341,South Carolina
342,South Dakota
343,Tennessee
344,Texas
345,Utah
346,Vermont
347,Virginia
348,Washington
349,West Virginia
350,Wisconsin
351,Wyoming
352,Arizona
353,Arkansas
354,Colorado
355,Connecticut
356,Delaware
357,Florida
358,Georgia
359,Idaho
360,Illinois
361,Indiana
362,Iowa
363,Kansas
364,Kentucky
365,Louisiana
366,Maine
367,Maryland
368,Massachusetts
369,Michigan
370,Minnesota
371,Mississippi
372,Missouri
373,Montana
374,Nebraska
375,Nevada
376,New Hampshire
377,New Jersey
378,North Carolina
379,North Dakota
380,Ohio
381,Oklahoma
382,Oregon
383,Pennsylvania
384,Rhode Island
385,South Carolina
386,South Dakota
387,Tennessee
388,Texas
389,Utah
390,Vermont
391,Virginia
392,Washington
393,West Virginia
394,Wisconsin
395,Wyoming
396,Arizona
397,Arkansas
398,Colorado
399,Connecticut
400,Delaware
401,Florida
402,Georgia
403,Idaho
404,Illinois
405,Indiana
406,Iowa
407,Kansas
408,Kentucky
409,Louisiana
410,Maine
411,Maryland
412,Massachusetts
413,Michigan
414,Minnesota
415,Mississippi
416,Missouri
417,Montana
418,Nebraska
419,Nevada
420,New Hampshire
421,New Jersey
422,North Carolina
423,North Dakota
424,Ohio
425,Oklahoma
426,Oregon
427,Pennsylvania
428,Rhode Island
429,South Carolina
430,South Dakota
431,Tennessee
432,Texas
433,Utah
434,Vermont
435,Virginia
436,Washington
437,West Virginia
438,Wisconsin
439,Wyoming
440,Arizona
441,Arkansas
442,Colorado
443,Connecticut
444,Delaware
445,Florida
446,Georgia
447,Idaho
448,Illinois
449,Indiana
450,Iowa
451,Kansas
452,Kentucky
453,Louisiana
454,Maine
455,Maryland
456,Massachusetts
457,Michigan
458,Minnesota
459,Mississippi
460,Missouri
461,Montana
462,Nebraska
463,Nevada
464,New Hampshire
465,New Jersey
466,North Carolina
467,North Dakota
468,Ohio
469,Oklahoma
470,Oregon
471,Pennsylvania
472,Rhode Island
473,South Carolina
474,South Dakota
475,Tennessee
476,Texas
477,Utah
478,Vermont
479,Virginia
480,Washington
481,West Virginia
482,Wisconsin
483,Wyoming
484,Arizona
485,Arkansas
486,Colorado
487,Connecticut
488,Delaware
489,Florida
490,Georgia
491,Idaho
492,Illinois
493,Indiana
494,Iowa
495,Kansas
496,Kentucky
497,Louisiana
498,Maine
499,Maryland
500,Massachusetts
501,Michigan
502,Minnesota
503,Mississippi
504,Missouri
505,Montana
506,Nebraska
507,Nevada
508,New Hampshire
509,New Jersey
510,North Carolina
511,North Dakota
512,Ohio
513,Oklahoma
514,Oregon
515,Pennsylvania
516,Rhode Island
517,South Carolina
518,South Dakota
519,Tennessee
520,Texas
521,Utah
522,Vermont
523,Virginia
524,Washington
525,West Virginia
526,Wisconsin
527,Wyoming
528,Arizona
529,Arkansas
530,Colorado
531,Connecticut
532,Delaware
533,Florida
534,Georgia
535,Idaho
536,Illinois
537,Indiana
538,Iowa
539,Kansas
540,Kentucky
541,Louisiana
542,Maine
543,Maryland
544,Massachusetts
545,Michigan
546,Minnesota
547,Mississippi
548,Missouri
549,Montana
550,Nebraska
551,Nevada
552,New Hampshire
553,New Jersey
554,North Carolina
555,North Dakota
556,Ohio
557,Oklahoma
558,Oregon
559,Pennsylvania
560,Rhode Island
561,South Carolina
562,South Dakota
563,Tennessee
564,Texas
565,Utah
566,Vermont
567,Virginia
568,Washington
569,West Virginia
570,Wisconsin
571,Wyoming
572,Arizona
573,Arkansas
574,Colorado
575,Connecticut
576,Delaware
577,Florida
578,Georgia
579,Idaho
580,Illinois
581,Indiana
582,Iowa
583,Kansas
584,Kentucky
585,Louisiana
586,Maine
587,Maryland
588,Massachusetts
589,Michigan
590,Minnesota
591,Mississippi
592,Missouri
593,Montana
594,Nebraska
595,Nevada
596,New Hampshire
597,New Jersey
598,North Carolina
599,North Dakota
600,Ohio
601,Oklahoma
602,Oregon
603,Pennsylvania
604,Rhode Island
605,South Carolina
606,South Dakota
607,Tennessee
608,Texas
609,Utah
610,Vermont
611,Virginia
612,Washington
613,West Virginia
614,Wisconsin
615,Wyoming
616,Arizona
617,Arkansas
618,Colorado
619,Connecticut
620,Delaware
621,Florida
622,Georgia
623,Idaho
624,Illinois
625,Indiana
626,Iowa
627,Kansas
628,Kentucky
629,Louisiana
630,Maine
631,Maryland
632,Massachusetts
633,Michigan
634,Minnesota
635,Mississippi
636,Missouri
637,Montana
638,Nebraska
639,Nevada
640,New Hampshire
641,New Jersey
642,North Carolina
643,North Dakota
644,Ohio
645,Oklahoma
646,Oregon
647,Pennsylvania
648,Rhode Island
649,South Carolina
650,South Dakota
651,Tennessee
652,Texas
653,Utah
654,Vermont
655,Virginia
656,Washington
657,West Virginia
658,Wisconsin
659,Wyoming
660,Arizona
661,Arkansas
662,Colorado
663,Connecticut
664,Delaware
665,Florida
666,Georgia
667,Idaho
668,Illinois
669,Indiana
670,Iowa
671,Kansas
672,Kentucky
673,Louisiana
674,Maine
675,Maryland
676,Massachusetts
677,Michigan
678,Minnesota
679,Mississippi
680,Missouri
681,Montana
682,Nebraska
683,Nevada
684,New Hampshire
685,New Jersey
686,North Carolina
687,North Dakota
688,Ohio
689,Oklahoma
690,Oregon
691,Pennsylvania
692,Rhode Island
693,South Carolina
694,South Dakota
695,Tennessee
696,Texas
697,Utah
698,Vermont
699,Virginia
700,Washington
701,West Virginia
702,Wisconsin
703,Wyoming
704,Arizona
705,Arkansas
706,Colorado
707,Connecticut
708,Delaware
709,Florida
710,Georgia
711,Idaho
712,Illinois
713,Indiana
714,Iowa
715,Kansas
716,Kentucky
717,Louisiana
718,Maine
719,Maryland
720,Massachusetts
721,Michigan
722,Minnesota
723,Mississippi
724,Missouri
725,Montana
726,Nebraska
727,Nevada
728,New Hampshire
729,New Jersey
730,North Carolina
731,North Dakota
732,Ohio
733,Oklahoma
734,Oregon
735,Pennsylvania
736,Rhode Island
737,South Carolina
738,South Dakota
739,Tennessee
740,Texas
741,Utah
742,Vermont
743,Virginia
744,Washington
745,West Virginia
746,Wisconsin
747,Wyoming
748,Arizona
749,Arkansas
750,Colorado
751,Connecticut
752,Delaware
753,Florida
754,Georgia
755,Idaho
756,Illinois
757,Indiana
758,Iowa
759,Kansas
760,Kentucky
761,Louisiana
762,Maine
763,Maryland
764,Massachusetts
765,Michigan
766,Minnesota
767,Mississippi
768,Missouri
769,Montana
770,Nebraska
771,Nevada
772,New Hampshire
773,New Jersey
774,North Carolina
775,North Dakota
776,Ohio
777,Oklahoma
778,Oregon
779,Pennsylvania
780,Rhode Island
781,South Carolina
782,South Dakota
783,Tennessee
784,Texas
785,Utah
786,Vermont
787,Virginia
788,Washington
789,West Virginia
790,Wisconsin
791,Wyoming
792,Arizona
793,Arkansas
794,Colorado
795,Connecticut
796,Delaware
797,Florida
798,Georgia
799,Idaho
800,Illinois
801,Indiana
802,Iowa
803,Kansas
804,Kentucky
805,Louisiana
806,Maine
807,Maryland
808,Massachusetts
809,Michigan
810,Minnesota
811,Mississippi
812,Missouri
813,Montana
814,Nebraska
815,Nevada
816,New Hampshire
817,New Jersey
818,North Carolina
819,North Dakota
820,Ohio
821,Oklahoma
822,Oregon
823,Pennsylvania
824,Rhode Island
825,South Carolina
826,South Dakota
827,Tennessee
828,Texas
829,Utah
830,Vermont
831,Virginia
832,Washington
833,West Virginia
834,Wisconsin
835,Wyoming
836,Arizona
837,Arkansas
838,Colorado
839,Connecticut
840,Delaware
841,Florida
842,Georgia
843,Idaho
844,Illinois
845,Indiana
846,Iowa
847,Kansas
848,Kentucky
849,Louisiana
850,Maine
851,Maryland
852,Massachusetts
853,Michigan
854,Minnesota
855,Mississippi
856,Missouri
857,Montana
858,Nebraska
859,Nevada
860,New Hampshire
861,New Jersey
862,North Carolina
863,North Dakota
864,Ohio
865,Oklahoma
866,Oregon
867,Pennsylvania
868,Rhode Island
869,South Carolina
870,South Dakota
871,Tennessee
872,Texas
873,Utah
874,Vermont
875,Virginia
876,Washington
877,West Virginia
878,Wisconsin
879,Wyoming
880,Arizona
881,Arkansas
882,Colorado
883,Connecticut
884,Delaware
885,Florida
886,Georgia
887,Idaho
888,Illinois
889,Indiana
890,Iowa
891,Kansas
892,Kentucky
893,Louisiana
894,Maine
895,Maryland
896,Massachusetts
897,Michigan
898,Minnesota
899,Mississippi
900,Missouri
901,Montana
902,Nebraska
903,Nevada
904,New Hampshire
905,New Jersey
906,North Carolina
907,North Dakota
908,Ohio
909,Oklahoma
910,Oregon
911,Pennsylvania
912,Rhode Island
913,South Carolina
914,South Dakota
915,Tennessee
916,Texas
917,Utah
918,Vermont
919,Virginia
920,Washington
921,West Virginia
922,Wisconsin
923,Wyoming
924,Arizona
925,Arkansas
926,Colorado
927,Connecticut
928,Delaware
929,Florida
930,Georgia
931,Idaho
932,Illinois
933,Indiana
934,Iowa
935,Kansas
936,Kentucky
937,Louisiana
938,Maine
939,Maryland
940,Massachusetts
941,Michigan
942,Minnesota
943,Mississippi
944,Missouri
945,Montana
946,Nebraska
947,Nevada
948,New Hampshire
949,New Jersey
950,North Carolina
951,North Dakota
952,Ohio
953,Oklahoma
954,Oregon
955,Pennsylvania
956,Rhode Island
957,South Carolina
958,South Dakota
959,Tennessee
960,Texas
961,Utah
962,Vermont
963,Virginia
964,Washington
965,West Virginia
966,Wisconsin
967,Wyoming
968,Arizona
969,Arkansas
970,Colorado
971,Connecticut
972,Delaware
973,Florida
974,Georgia
975,Idaho
976,Illinois
977,Indiana
978,Iowa
979,Kansas
980,Kentucky
981,Louisiana
982,Maine
983,Maryland
984,Massachusetts
985,Michigan
986,Minnesota
987,Mississippi
988,Missouri
989,Montana
990,Nebraska
991,Nevada
992,New Hampshire
993,New Jersey
994,North Carolina
995,North Dakota
996,Ohio
997,Oklahoma
998,Oregon
999,Pennsylvania
1000,Rhode Island
1001,South Carolina
1002,South Dakota
1003,Tennessee
1004,Texas
1005,Utah
1006,Vermont
1007,Virginia
1008,Washington
1009,West Virginia
1010,Wisconsin
1011,Wyoming
1012,Arizona
1013,Arkansas
1014,Colorado
1015,Connecticut
1016,Delaware
1017,Florida
1018,Georgia
1019,Idaho
1020,Illinois
1021,Indiana
1022,Iowa
1023,Kansas
1024,Kentucky
1025,Louisiana
1026,Maine
1027,Maryland
1028,Massachusetts
1029,Michigan
1030,Minnesota
1031,Mississippi
1032,Missouri
1033,Montana
1034,Nebraska
1035,Nevada
1036,New Hampshire
1037,New Jersey
1038,North Carolina
1039,North Dakota
1040,Ohio
1041,Oklahoma
1042,Oregon
1043,Pennsylvania
1044,Rhode Island
1045,South Carolina
1046,South Dakota
1047,Tennessee
1048,Texas
1049,Utah
1050,Vermont
1051,Virginia
1052,Washington
1053,West Virginia
1054,Wisconsin
1055,Wyoming
1056,Arizona
1057,Arkansas
1058,Colorado
1059,Connecticut
1060,Delaware
1061,Florida
1062,Georgia
1063,Idaho
1064,Illinois
1065,Indiana
1066,Iowa
1067,Kansas
1068,Kentucky
1069,Louisiana
1070,Maine
1071,Maryland
1072,Massachusetts
1073,Michigan
1074,Minnesota
1075,Mississippi
1076,Missouri
1077,Montana
1078,Nebraska
1079,Nevada
1080,New Hampshire
1081,New Jersey
1082,North Carolina
1083,North Dakota
1084,Ohio
1085,Oklahoma
1086,Oregon
1087,Pennsylvania
1088,Rhode Island
1089,South Carolina
1090,South Dakota
1091,Tennessee
1092,Texas
1093,Utah
1094,Vermont
1095,Virginia
1096,Washington
1097,West Virginia
1098,Wisconsin
1099,Wyoming
1100,Arizona
1101,Arkansas
1102,Colorado
1103,Connecticut
1104,Delaware
1105,Florida
1106,Georgia
1107,Idaho
1108,Illinois
1109,Indiana
1110,Iowa
1111,Kansas
1112,Kentucky
1113,Louisiana
1114,Maine
1115,Maryland
1116,Massachusetts
1117,Michigan
1118,Minnesota
1119,Mississippi
1120,Missouri
1121,Montana
1122,Nebraska
1123,Nevada
1124,New Hampshire
1125,New Jersey
1126,North Carolina
1127,North Dakota
1128,Ohio
1129,Oklahoma
1130,Oregon
1131,Pennsylvania
1132,Rhode Island
1133,South Carolina
1134,South Dakota
1135,Tennessee
1136,Texas
1137,Utah
1138,Vermont
1139,Virginia
1140,Washington
1141,West Virginia
1142,Wisconsin
1143,Wyoming
1144,Arizona
1145,Arkansas
1146,Colorado
1147,Connecticut
1148,Delaware
1149,Florida
1150,Georgia
1151,Idaho
1152,Illinois
1153,Indiana
1154,Iowa
1155,Kansas
1156,Kentucky
1157,Louisiana
1158,Maine
1159,Maryland
1160,Massachusetts
1161,Michigan
1162,Minnesota
1163,Mississippi
1164,Missouri
1165,Montana
1166,Nebraska
1167,Nevada
1168,New Hampshire
1169,New Jersey
1170,North Carolina
1171,North Dakota
1172,Ohio
1173,Oklahoma
1174,Oregon
1175,Pennsylvania
1176,Rhode Island
1177,South Carolina
1178,South Dakota
1179,Tennessee
1180,Texas
1181,Utah
1182,Vermont
1183,Virginia
1184,Washington
1185,West Virginia
1186,Wisconsin
1187,Wyoming
1188,Arizona
1189,Arkansas
1190,Colorado
1191,Connecticut
1192,Delaware
1193,Florida
1194,Georgia
1195,Idaho
1196,Illinois
1197,Indiana
1198,Iowa
1199,Kansas
1200,Kentucky
1201,Louisiana
1202,Maine
1203,Maryland
1204,Massachusetts
1205,Michigan
1206,Minnesota
1207,Mississippi
1208,Missouri
1209,Montana
1210,Nebraska
1211,Nevada
1212,New Hampshire
1213,New Jersey
1214,North Carolina
1215,North Dakota
1216,Ohio
1217,Oklahoma
1218,Oregon
1219,Pennsylvania
1220,Rhode Island
1221,South Carolina
1222,South Dakota
1223,Tennessee
1224,Texas
1225,Utah
1226,Vermont
1227,Virginia
1228,Washington
1229,West Virginia
1230,Wisconsin
1231,Wyoming
1232,Arizona
1233,Arkansas
1234,Colorado
1235,Connecticut
1236,Delaware
1237,Florida
1238,Georgia
1239,Idaho
1240,Illinois
1241,Indiana
1242,Iowa
1243,Kansas
1244,Kentucky
1245,Louisiana
1246,Maine
1247,Maryland
1248,Massachusetts
1249,Michigan
1250,Minnesota
1251,Mississippi
1252,Missouri
1253,Montana
1254,Nebraska
1255,Nevada
1256,New Hampshire
1257,New Jersey
1258,North Carolina
1259,North Dakota
1260,Ohio
1261,Oklahoma
1262,Oregon
1263,Pennsylvania
1264,Rhode Island
1265,South Carolina
1266,South Dakota
1267,Tennessee
1268,Texas
1269,Utah
1270,Vermont
1271,Virginia
1272,Washington
1273,West Virginia
1274,Wisconsin
1275,Wyoming
1276,Arizona
1277,Arkansas
1278,Colorado
1279,Connecticut
1280,Delaware
1281,Florida
1282,Georgia
1283,Idaho
1284,Illinois
1285,Indiana
1286,Iowa
1287,Kansas
1288,Kentucky
1289,Louisiana
1290,Maine
1291,Maryland
1292,Massachusetts
1293,Michigan
1294,Minnesota
1295,Mississippi
1296,Missouri
1297,Montana
1298,Nebraska
1299,Nevada
1300,New Hampshire
1301,New Jersey
1302,North Carolina
1303,North Dakota
1304,Ohio
1305,Oklahoma
1306,Oregon
1307,Pennsylvania
1308,Rhode Island
1309,South Carolina
1310,South Dakota
1311,Tennessee
1312,Texas
1313,Utah
1314,Vermont
1315,Virginia
1316,Washington
1317,West Virginia
1318,Wisconsin
1319,Wyoming
1320,Arizona
1321,Arkansas
1322,Colorado
1323,Connecticut
1324,Delaware
1325,Florida
1326,Georgia
1327,Idaho
1328,Illinois
1329,Indiana
1330,Iowa
1331,Kansas
1332,Kentucky
1333,Louisiana
1334,Maine
1335,Maryland
1336,Massachusetts
1337,Michigan
1338,Minnesota
1339,Mississippi
1340,Missouri
1341,Montana
1342,Nebraska
1343,Nevada
1344,New Hampshire
1345,New Jersey
1346,North Carolina
1347,North Dakota
1348,Ohio
1349,Oklahoma
1350,Oregon
1351,Pennsylvania
1352,Rhode Island
1353,South Carolina
1354,South Dakota
1355,Tennessee
1356,Texas
1357,Utah
1358,Vermont
1359,Virginia
1360,Washington
1361,West Virginia
1362,Wisconsin
1363,Wyoming
1364,Arizona
1365,Arkansas
1366,Colorado
1367,Connecticut
1368,Delaware
1369,Florida
1370,Georgia
1371,Idaho
1372,Illinois
1373,Indiana
1374,Iowa
1375,Kansas
1376,Kentucky
1377,Louisiana
1378,Maine
1379,Maryland
1380,Massachusetts
1381,Michigan
1382,Minnesota
1383,Mississippi
1384,Missouri
1385,Montana
1386,Nebraska
1387,Nevada
1388,New Hampshire
1389,New Jersey
1390,North Carolina
1391,North Dakota
1392,Ohio
1393,Oklahoma
1394,Oregon
1395,Pennsylvania
1396,Rhode Island
1397,South Carolina
1398,South Dakota
1399,Tennessee
1400,Texas
1401,Utah
1402,Vermont
1403,Virginia
1404,Washington
1405,West Virginia
1406,Wisconsin
1407,Wyoming
1408,Arizona
1409,Arkansas
1410,Colorado
1411,Connecticut
1412,Delaware
1413,Florida
1414,Georgia
1415,Idaho
1416,Illinois
1417,Indiana
1418,Iowa
1419,Kansas
1420,Kentucky
1421,Louisiana
1422,Maine
1423,Maryland
1424,Massachusetts
1425,Michigan
1426,Minnesota
1427,Mississippi
1428,Missouri
1429,Montana
1430,Nebraska
1431,Nevada
1432,New Hampshire
1433,New Jersey
1434,North Carolina
1435,North Dakota
1436,Ohio
1437,Oklahoma
1438,Oregon
1439,Pennsylvania
1440,Rhode Island
1441,South Carolina
1442,South Dakota
1443,Tennessee
1444,Texas
1445,Utah
1446,Vermont
1447,Virginia
1448,Washington
1449,West Virginia
1450,Wisconsin
1451,Wyoming
1452,Arizona
1453,Arkansas
1454,Colorado
1455,Connecticut
1456,Delaware
1457,Florida
1458,Georgia
1459,Idaho
1460,Illinois
1461,Indiana
1462,Iowa
1463,Kansas
1464,Kentucky
1465,Louisiana
1466,Maine
1467,Maryland
1468,Massachusetts
1469,Michigan
1470,Minnesota
1471,Mississippi
1472,Missouri
1473,Montana
1474,Nebraska
1475,Nevada
1476,New Hampshire
1477,New Jersey
1478,North Carolina
1479,North Dakota
1480,Ohio
1481,Oklahoma
1482,Oregon
1483,Pennsylvania
1484,Rhode Island
1485,South Carolina
1486,South Dakota
1487,Tennessee
1488,Texas
1489,Utah
1490,Vermont
1491,Virginia
1492,Washington
1493,West Virginia
1494,Wisconsin
1495,Wyoming
1496,Arizona
1497,Arkansas
1498,Colorado
1499,Connecticut
1500,Delaware
1501,Florida
1502,Georgia
1503,Idaho
1504,Illinois
1505,Indiana
1506,Iowa
1507,Kansas
1508,Kentucky
1509,Louisiana
1510,Maine
1511,Maryland
1512,Massachusetts
1513,Michigan
1514,Minnesota
1515,Mississippi
1516,Missouri
1517,Montana
1518,Nebraska
1519,Nevada
1520,New Hampshire
1521,New Jersey
1522,North Carolina
1523,North Dakota
1524,Ohio
1525,Oklahoma
1526,Oregon
1527,Pennsylvania
1528,Rhode Island
1529,South Carolina
1530,South Dakota
1531,Tennessee
1532,Texas
1533,Utah
1534,Vermont
1535,Virginia
1536,Washington
1537,West Virginia
1538,Wisconsin
1539,Wyoming
1540,Arizona
1541,Arkansas
1542,Colorado
1543,Connecticut
1544,Delaware
1545,Florida
1546,Georgia
1547,Idaho
1548,Illinois
1549,Indiana
1550,Iowa
1551,Kansas
1552,Kentucky
1553,Louisiana
1554,Maine
1555,Maryland
1556,Massachusetts
1557,Michigan
1558,Minnesota
1559,Mississippi
1560,Missouri
1561,Montana
1562,Nebraska
1563,Nevada
1564,New Hampshire
1565,New Jersey
1566,North Carolina
1567,North Dakota
1568,Ohio
1569,Oklahoma
1570,Oregon
1571,Pennsylvania
1572,Rhode Island
1573,South Carolina
1574,South Dakota
1575,Tennessee
1576,Texas
1577,Utah
1578,Vermont
1579,Virginia
1580,Washington
1581,West Virginia
1582,Wisconsin
1583,Wyoming
1584,Arizona
1585,Arkansas
1586,Colorado
1587,Connecticut
1588,Delaware
1589,Florida
1590,Georgia
1591,Idaho
1592,Illinois
1593,Indiana
1594,Iowa
1595,Kansas
1596,Kentucky
1597,Louisiana
1598,Maine
1599,Maryland
1600,Massachusetts
1601,Michigan
1602,Minnesota
1603,Mississippi
1604,Missouri
1605,Montana
1606,Nebraska
1607,Nevada
1608,New Hampshire
1609,New Jersey
1610,North Carolina
1611,North Dakota
1612,Ohio
1613,Oklahoma
1614,Oregon
1615,Pennsylvania
1616,Rhode Island
1617,South Carolina
1618,South Dakota
1619,Tennessee
1620,Texas
1621,Utah
1622,Vermont
1623,Virginia
1624,Washington
1625,West Virginia
1626,Wisconsin
1627,Wyoming
1628,Arizona
1629,Arkansas
1630,Colorado
1631,Connecticut
1632,Delaware
1633,Florida
1634,Georgia
1635,Idaho
1636,Illinois
1637,Indiana
1638,Iowa
1639,Kansas
1640,Kentucky
1641,Louisiana
1642,Maine
1643,Maryland
1644,Massachusetts
1645,Michigan
1646,Minnesota
1647,Mississippi
1648,Missouri
1649,Montana
1650,Nebraska
1651,Nevada
1652,New Hampshire
1653,New Jersey
1654,North Carolina
1655,North Dakota
1656,Ohio
1657,Oklahoma
1658,Oregon
1659,Pennsylvania
1660,Rhode Island
1661,South Carolina
1662,South Dakota
1663,Tennessee
1664,Texas
1665,Utah
1666,Vermont
1667,Virginia
1668,Washington
1669,West Virginia
1670,Wisconsin
1671,Wyoming
1672,Arizona
1673,Arkansas
1674,Colorado
1675,Connecticut
1676,Delaware
1677,Florida
1678,Georgia
1679,Idaho
1680,Illinois
1681,Indiana
1682,Iowa
1683,Kansas
1684,Kentucky
1685,Louisiana
1686,Maine
1687,Maryland
1688,Massachusetts
1689,Michigan
1690,Minnesota
1691,Mississippi
1692,Missouri
1693,Montana
1694,Nebraska
1695,Nevada
1696,New Hampshire
1697,New Jersey
1698,North Carolina
1699,North Dakota
1700,Ohio
1701,Oklahoma
1702,Oregon
1703,Pennsylvania
1704,Rhode Island
1705,South Carolina
1706,South Dakota
1707,Tennessee
1708,Texas
1709,Utah
1710,Vermont
1711,Virginia
1712,Washington
1713,West Virginia
1714,Wisconsin
1715,Wyoming
1716,Arizona
1717,Arkansas
1718,Colorado
1719,Connecticut
1720,Delaware
1721,Florida
1722,Georgia
1723,Idaho
1724,Illinois
1725,Indiana
1726,Iowa
1727,Kansas
1728,Kentucky
1729,Louisiana
1730,Maine
1731,Maryland
1732,Massachusetts
1733,Michigan
1734,Minnesota
1735,Mississippi
1736,Missouri
1737,Montana
1738,Nebraska
1739,Nevada
1740,New Hampshire
1741,New Jersey
1742,North Carolina
1743,North Dakota
1744,Ohio
1745,Oklahoma
1746,Oregon
1747,Pennsylvania
1748,Rhode Island
1749,South Carolina
1750,South Dakota
1751,Tennessee
1752,Texas
1753,Utah
1754,Vermont
1755,Virginia
1756,Washington
1757,West Virginia
1758,Wisconsin
1759,Wyoming
1760,Arizona
1761,Arkansas
1762,Colorado
1763,Connecticut
1764,Delaware
1765,Florida
1766,Georgia
1767,Idaho
1768,Illinois
1769,Indiana
1770,Iowa
1771,Kansas
1772,Kentucky
1773,Louisiana
1774,Maine
1775,Maryland
1776,Massachusetts
1777,Michigan
1778,Minnesota
1779,Mississippi
1780,Missouri
1781,Montana
1782,Nebraska
1783,Nevada
1784,New Hampshire
1785,New Jersey
1786,North Carolina
1787,North Dakota
1788,Ohio
1789,Oklahoma
1790,Oregon
1791,Pennsylvania
1792,Rhode Island
1793,South Carolina
1794,South Dakota
1795,Tennessee
1796,Texas
1797,Utah
1798,Vermont
1799,Virginia
1800,Washington
1801,West Virginia
1802,Wisconsin
1803,Wyoming
1804,Arizona
1805,Arkansas
1806,Colorado
1807,Connecticut
1808,Delaware
1809,Florida
1810,Georgia
1811,Idaho
1812,Illinois
1813,Indiana
1814,Iowa
1815,Kansas
1816,Kentucky
1817,Louisiana
1818,Maine
1819,Maryland
1820,Massachusetts
1821,Michigan
1822,Minnesota
1823,Mississippi
1824,Missouri
1825,Montana
1826,Nebraska
1827,Nevada
1828,New Hampshire
1829,New Jersey
1830,North Carolina
1831,North Dakota
1832,Ohio
1833,Oklahoma
1834,Oregon
1835,Pennsylvania
1836,Rhode Island
1837,South Carolina
1838,South Dakota
1839,Tennessee
1840,Texas
1841,Utah
1842,Vermont
1843,Virginia
1844,Washington
1845,West Virginia
1846,Wisconsin
1847,Wyoming
1848,Arizona
1849,Arkansas
1850,Colorado
1851,Connecticut
1852,Delaware
1853,Florida
1854,Georgia
1855,Idaho
1856,Illinois
1857,Indiana
1858,Iowa
1859,Kansas
1860,Kentucky
1861,Louisiana
1862,Maine
1863,Maryland
1864,Massachusetts
1865,Michigan
1866,Minnesota
1867,Mississippi
1868,Missouri
1869,Montana
1870,Nebraska
1871,Nevada
1872,New Hampshire
1873,New Jersey
1874,North Carolina
1875,North Dakota
1876,Ohio
1877,Oklahoma
1878,Oregon
1879,Pennsylvania
1880,Rhode Island
1881,South Carolina
1882,South Dakota
1883,Tennessee
1884,Texas
1885,Utah
1886,Vermont
1887,Virginia
1888,Washington
1889,West Virginia
1890,Wisconsin
1891,Wyoming
1892,Arizona
1893,Arkansas
1894,Colorado
1895,Connecticut
1896,Delaware
1897,Florida
1898,Georgia
1899,Idaho
1900,Illinois
1901,Indiana
1902,Iowa
1903,Kansas
1904,Kentucky
1905,Louisiana
1906,Maine
1907,Maryland
1908,Massachusetts
1909,Michigan
1910,Minnesota
1911,Mississippi
1912,Missouri
1913,Montana
1914,Nebraska
1915,Nevada
1916,New Hampshire
1917,New Jersey
1918,North Carolina
1919,North Dakota
1920,Ohio
1921,Oklahoma
1922,Oregon
1923,Pennsylvania
1924,Rhode Island
1925,South Carolina
1926,South Dakota
1927,Tennessee
1928,Texas
1929,Utah
1930,Vermont
1931,Virginia
1932,Washington
1933,West Virginia
1934,Wisconsin
1935,Wyoming
1936,Arizona
1937,Arkansas
1938,Colorado
1939,Connecticut
1940,Delaware
1941,Florida
1942,Georgia
1943,Idaho
1944,Illinois
1945,Indiana
1946,Iowa
1947,Kansas
1948,Kentucky
1949,Louisiana
1950,Maine
1951,Maryland
1952,Massachusetts
1953,Michigan
1954,Minnesota
1955,Mississippi
1956,Missouri
1957,Montana
1958,Nebraska
1959,Nevada
1960,New Hampshire
1961,New Jersey
1962,North Carolina
1963,North Dakota
1964,Ohio
1965,Oklahoma
1966,Oregon
1967,Pennsylvania
1968,Rhode Island
1969,South Carolina
1970,South Dakota
1971,Tennessee
1972,Texas
1973,Utah
1974,Vermont
1975,Virginia
1976,Washington
1977,West Virginia
1978,Wisconsin
1979,Wyoming
1980,Arizona
1981,Arkansas
1982,Colorado
1983,Connecticut
1984,Delaware
1985,Florida
1986,Georgia
1987,Idaho
1988,Illinois
1989,Indiana
1990,Iowa
1991,Kansas
1992,Kentucky
1993,Louisiana
1994,Maine
1995,Maryland
1996,Massachusetts
1997,Michigan
1998,Minnesota
1999,Mississippi
2000,Missouri
2001,Montana
2002,Nebraska
2003,Nevada
2004,New Hampshire
2005,New Jersey
2006,North Carolina
2007,North Dakota
2008,Ohio
2009,Oklahoma
2010,Oregon
2011,Pennsylvania
2012,Rhode Island
2013,South Carolina
2014,South Dakota
2015,Tennessee
2016,Texas
2017,Utah
2018,Vermont
2019,Virginia
2020,Washington
2021,West Virginia
2022,Wisconsin
2023,Wyoming
2024,Arizona
2025,Arkansas
2026,Colorado
2027,Connecticut
2028,Delaware
2029,Florida
2030,Georgia
2031,Idaho
2032,Illinois
2033,Indiana
2034,Iowa
2035,Kansas
2036,Kentucky
2037,Louisiana
2038,Maine
2039,Maryland
2040,Massachusetts
2041,Michigan
2042,Minnesota
2043,Mississippi
2044,Missouri
2045,Montana
2046,Nebraska
2047,Nevada
2048,New Hampshire
2049,New Jersey
2050,North Carolina
2051,North Dakota
2052,Ohio
2053,Oklahoma
2054,Oregon
2055,Pennsylvania
2056,Rhode Island
2057,South Carolina
2058,South Dakota
2059,Tennessee
2060,Texas
2061,Utah
2062,Vermont
2063,Virginia
2064,Washington
2065,West Virginia
2066,Wisconsin
2067,Wyoming
2068,Arizona
2069,Arkansas
2070,Colorado
2071,Connecticut
2072,Delaware
2073,Florida
2074,Georgia
2075,Idaho
2076,Illinois
2077,Indiana
2078,Iowa
2079,Kansas
2080,Kentucky
2081,Louisiana
2082,Maine
2083,Maryland
2084,Massachusetts
2085,Michigan
2086,Minnesota
2087,Mississippi
2088,Missouri
2089,Montana
2090,Nebraska
2091,Nevada
2092,New Hampshire
2093,New Jersey
2094,North Carolina
2095,North Dakota
2096,Ohio
2097,Oklahoma
2098,Oregon
2099,Pennsylvania
2100,Rhode Island
2101,South Carolina
2102,South Dakota
2103,Tennessee
2104,Texas
2105,Utah
2106,Vermont
2107,Virginia
2108,Washington
2109,West Virginia
2110,Wisconsin
2111,Wyoming
2112,Arizona
2113,Arkansas
2114,Colorado
2115,Connecticut
2116,Delaware
2117,Florida
2118,Georgia
2119,Idaho
2120,Illinois
2121,Indiana
2122,Iowa
2123,Kansas
2124,Kentucky
2125,Louisiana
2126,Maine
2127,Maryland
2128,Massachusetts
2129,Michigan
2130,Minnesota
2131,Mississippi
2132,Missouri
2133,Montana
2134,Nebraska
2135,Nevada
2136,New Hampshire
2137,New Jersey
2138,North Carolina
2139,North Dakota
2140,Ohio
2141,Oklahoma
2142,Oregon
2143,Pennsylvania
2144,Rhode Island
2145,South Carolina
2146,South Dakota
2147,Tennessee
2148,Texas
2149,Utah
2150,Vermont
2151,Virginia
2152,Washington
2153,West Virginia
2154,Wisconsin
2155,Wyoming
2156,Arizona
2157,Arkansas
2158,Colorado
2159,Connecticut
2160,Delaware
2161,Florida
2162,Georgia
2163,Idaho
2164,Illinois
2165,Indiana
2166,Iowa
2167,Kansas
2168,Kentucky
2169,Louisiana
2170,Maine
2171,Maryland
2172,Massachusetts
2173,Michigan
2174,Minnesota
2175,Mississippi
2176,Missouri
2177,Montana
2178,Nebraska
2179,Nevada
2180,New Hampshire
2181,New Jersey
2182,North Carolina
2183,North Dakota
2184,Ohio
2185,Oklahoma
2186,Oregon
2187,Pennsylvania
2188,Rhode Island
2189,South Carolina
2190,South Dakota
2191,Tennessee
2192,Texas
2193,Utah
2194,Vermont
2195,Virginia
2196,Washington
2197,West Virginia
2198,Wisconsin
2199,Wyoming
